distance,launchAngle,impactAngleHorizontalRadians,impactAngleHorizontalDegrees,impactVelocity,timeToTarget,timeToTargetAdjusted,rawPenetration,effectivePenetrationHorizontal,effectivePenetrationHorizontalNormalized,impactAngleDeckDegrees,effectivePenetrationDeck,effectivePenetrationDeckNormalized
31.19504569549746,0.0,-0.0005028035454656324,0.02880852107939494,779.5048252983071,0.04,0.014545454545454545,882.2081957451215,882.208084228977,882.2081957451215,89.9711914789206,0.44357738996938306,92.65700275337035
233.48087422412573,0.1,-0.0020334820238228583,0.1165099376807709,776.3011731129491,0.3,0.10909090909090909,877.2085736796754,877.2067600300207,877.2085736796754,89.88349006231923,1.783786636379426,93.46708946047993
450.39729529298876,0.2,-0.003831256932701777,0.2195148524740491,772.8807571900546,0.5800000000000002,0.21090909090909096,871.8793177360823,871.8729187906863,871.8793177360823,89.78048514752595,3.340385508550344,94.4576228930982
666.3558857719545,0.30000000000000004,-0.0056446943154655595,0.3234171609176638,769.4908601440347,0.8600000000000004,0.3127272727272729,866.6064475829288,866.5926414635913,866.6064475829288,89.67658283908234,4.891702511281832,95.4485023443435
881.3632504726997,0.4,-0.0074738002451603365,0.4282172109715272,766.1312809243943,1.1400000000000006,0.4145454545454548,861.3894373964853,861.3653798963419,861.3894373964853,89.57178278902848,6.437792654630754,96.43972522539441
1095.4259753095962,0.5,-0.009318579148223411,0.533915256251815,762.8018189828291,1.4200000000000008,0.5163636363636367,856.2277652179857,856.1905898252771,856.2277652179857,89.46608474374818,7.978710724809538,97.43128913129472
1293.356829846243,0.6000000000000001,-0.010920985442294334,0.625726373967278,759.7351232527233,1.680000000000001,0.6109090909090913,851.4810276749118,851.4302509927485,851.4810276749118,89.37427362603272,9.298827063090407,98.24658283135089
1505.6157283960108,0.7000000000000001,-0.012796006962461469,0.7331571935690586,756.4629105028164,1.9600000000000013,0.7127272727272732,846.4242072981451,846.3549124273454,846.4242072981451,89.26684280643094,10.830554482286836,99.23940194667303
1716.9490833660757,0.8,-0.014686706342060733,0.8414862883480997,753.2202410650904,2.2400000000000015,0.8145454545454551,841.4212358082372,841.3304904354479,841.4212358082372,89.1585137116519,12.357262346881347,100.23255123622197
1927.3633991219085,0.9,-0.016593081474925032,0.9507135376299155,750.006916589344,2.520000000000002,0.916363636363637,836.471606457263,836.3564560880615,836.471606457263,89.04928646237009,13.879004611742245,101.2260290711606
2121.9267174533143,1.0,-0.018252727155726064,1.0458042306269308,747.0463693531145,2.780000000000002,1.0109090909090916,831.9184674698369,831.7798894868572,831.9184674698369,88.95419576937307,15.183937651135462,102.04543207696068
2330.586064657652,1.1,-0.020189337282291955,1.1567638174414525,743.8888491017616,3.0600000000000023,1.1127272727272735,827.0699471128775,826.9013921207804,827.0699471128775,88.84323618255854,16.696859765034777,103.04012441248909
2538.3452187981793,1.2000000000000002,-0.022141608752415293,1.2686207331433206,740.7601063260328,3.3400000000000025,1.2145454545454555,822.2733235053493,822.071771646782,822.2733235053493,88.73137926685668,18.204966631495473,104.03513690542644
2730.4572436929884,1.3,-0.023843903291321952,1.3661550257108406,737.8769376145747,3.6000000000000028,1.3090909090909102,817.8599954201846,817.6275167581276,817.8599954201846,88.63384497428916,19.499126868711006,104.85765646357152
2936.4973934692225,1.4000000000000001,-0.02582637199494075,1.4797421154449693,734.802936309974,3.880000000000003,1.410909090909092,813.1617687268372,812.8905937443359,813.1617687268372,88.52025788455504,20.99868379064058,105.85385537253268
3141.655984090255,1.5,-0.027824473106776635,1.594224876193563,731.7571509995518,4.159999999999999,1.5127272727272725,808.5140270396945,808.2010709245108,808.5140270396945,88.40577512380644,22.493574113905296,106.85036791637867
3331.3667178489727,1.6,-0.029569352908183855,1.6941991245718218,728.9499306786821,4.419999999999994,1.607272727272725,804.2368300900692,803.8852648253925,804.2368300900692,88.30580087542818,23.77729736390306,107.67593421679277
3534.8418603025216,1.7000000000000002,-0.031597585269807535,1.8104082787647104,725.9578345702752,4.699999999999988,1.7090909090909046,799.6848352209022,799.285662807421,799.6848352209022,88.18959172123529,25.263905335148817,108.67360906344433
3722.997901147076,1.8,-0.0333704622577545,1.9119866477699372,723.19979745371,4.959999999999982,1.8036363636363573,795.4952328692086,795.0523470970759,795.4952328692086,88.08801335223006,26.541117027496547,109.50132207077533
3924.8127372487647,1.9000000000000001,-0.035428767759773085,2.0299188659841585,720.2607091549534,5.239999999999976,1.9054545454545369,791.037282300938,790.5408801845733,791.037282300938,87.97008113401584,28.019613613573977,110.50014259440982
4111.435301168828,2.0,-0.03722958688991077,2.133098201807468,717.5512525936647,5.499999999999971,1.9999999999999893,786.9337510193993,786.3884523375292,786.9337510193993,87.86690179819253,29.290451065963552,111.32997136458395
4311.612773931237,2.1,-0.039317895028272404,2.252749444458411,714.6644960396707,5.779999999999965,2.101818181818169,782.5681693071028,781.9633623856862,782.5681693071028,87.74725055554158,30.761006146456193,112.32992273799165
4496.722903329018,2.2,-0.04114658965008413,2.3575259283064955,712.0030210449867,6.039999999999959,2.1963636363636216,778.5492081770386,777.8902429643097,778.5492081770386,87.6424740716935,32.02560622410024,113.16183829027096
4695.285747223779,2.3000000000000003,-0.04326481748415096,2.4788914432456624,709.1679259613106,6.319999999999953,2.298181818181801,774.2743473133871,773.5497997810827,774.2743473133871,87.52110855675434,33.48838852824364,114.16290746405552
4878.904301394824,2.4000000000000004,-0.045121309308668485,2.5852605894910585,706.5538376851338,6.579999999999948,2.3927272727272535,770.3384784717404,769.554432914417,770.3384784717404,87.41473941050894,34.74688757178272,114.99688275939214
5075.875033454373,2.5,-0.04726936142336047,2.7083349098370606,703.7697399992047,6.859999999999942,2.4945454545454333,766.1527181643656,765.2969345736288,766.1527181643656,87.29166509016294,36.202064621411004,115.99905843795769
5258.022679864321,2.6,-0.04915356049478979,2.81629156439243,701.2024481647229,7.119999999999936,2.589090909090886,762.2984871644728,761.377788350428,762.2984871644728,87.18370843560757,37.45459838063768,116.83506835416414
5439.468647696627,2.7,-0.05105108068709697,2.925011462952483,698.6574212777153,7.379999999999931,2.6836363636363383,758.4829712106884,757.4948018246488,758.4829712106884,87.07498853704752,38.704558197066675,117.67229814550458
5634.120797890714,2.8000000000000003,-0.053243133638796084,3.0506068455540367,695.9476096548549,7.659999999999925,2.785454545454518,754.4262111254653,753.3571282063214,754.4262111254653,86.94939315444596,40.149040011555655,118.67636227264829
5814.126077431283,2.9000000000000004,-0.055168207364553426,3.1609054452914576,693.4485191315272,7.919999999999919,2.8799999999999706,750.6902300660513,749.5481452420912,750.6902300660513,86.83909455470854,41.393229890430476,119.51558921332123
5993.444076393559,3.0,-0.05710652354379025,3.2719627817236505,690.9712897344501,8.179999999999914,2.9745454545454235,746.991975879901,745.7742785386273,746.991975879901,86.72803721827636,42.634932850288195,120.3560135073533
6185.825727350574,3.1,-0.05934230316904761,3.4000635181722383,688.3343596879623,8.459999999999908,3.076363636363603,743.0608372128697,741.7528734216987,743.0608372128697,86.59993648182777,44.06906590959596,121.36193893865712
6363.732804558252,3.2,-0.06130799341189567,3.5126892729174783,685.9022176641043,8.719999999999903,3.170909090909056,739.4400661062797,738.0508457057502,739.4400661062797,86.48731072708252,45.305193038835604,122.20432716602231
6540.9667821484,3.3000000000000003,-0.06328683500251839,3.6260685443851144,683.4915378980763,8.979999999999897,3.2654545454545083,735.8560573551083,734.3829151611176,735.8560573551083,86.37393145561488,46.53891990219843,123.04789240133773
6717.5322128150665,3.4000000000000004,-0.06527879597288014,3.740199500941627,681.102193343974,9.239999999999892,3.359999999999961,732.3085048516797,730.7487579719082,732.3085048516797,86.25980049905837,47.770273189673816,123.89262734040457
6906.9775914058655,3.5,-0.06757203657346339,3.871592508763093,678.5596774947248,9.519999999999886,3.46181818181814,728.5387233453142,726.876109445445,728.5387233453142,86.12840749123691,49.1913908227217,124.90115794311768
7082.17079411474,3.6,-0.06959109477553115,3.9872760223328476,676.2143169985322,9.77999999999988,3.5563636363635927,725.0660192469774,723.3110091656034,725.0660192469774,86.01272397766715,50.41742046648659,125.74781681456551
7256.709329342891,3.7,-0.07162316476397441,4.103705056345845,673.8899000052533,10.039999999999875,3.6509090909090456,721.6288383921287,719.7786956582148,721.6288383921287,85.89629494365415,51.64116261018953,126.59562786805608
7430.597650831166,3.8000000000000003,-0.07366820920905649,4.220877471965721,671.5863017520311,10.29999999999987,3.745454545454498,718.2268846849028,716.2788554566289,718.2268846849028,85.77912252803428,52.862643803751055,127.44458474187945
7603.840187596925,3.9000000000000004,-0.07572618946702157,4.3387910550683655,669.3033980415735,10.559999999999864,3.8399999999999506,714.8598644488778,712.8111776006801,714.8598644488778,85.66120894493163,54.08189056791237,128.2946813073052
7776.441343665277,4.0,-0.07779706558139907,4.457443516316647,667.0410652548389,10.819999999999858,3.934545454545403,711.5274864310944,709.3753536423089,711.5274864310944,85.54255648368336,55.298929391085885,129.1459116660378
7948.40549781472,4.1000000000000005,-0.07988079628448658,4.576832491245389,664.7991803628566,11.079999999999853,4.029090909090855,708.2294618047098,705.9710776498172,708.2294618047098,85.42316750875462,56.51378672629074,129.99827014761362
8132.944053587119,4.2,-0.08227223238591203,4.713851686832286,662.4149350619451,11.359999999999847,4.130909090909035,704.7266461783239,702.3429424350677,704.7266461783239,85.28614831316771,57.914048774020706,131.01161801480927
8303.60104828374,4.3,-0.08438247384122463,4.834759615975243,660.2151782299844,11.619999999999841,4.225454545454488,701.4991179922342,699.0031217376933,701.4991179922342,85.16524038402476,59.12400819330663,131.86584282471014
8473.634366357855,4.4,-0.0865054337565587,4.956396259199336,658.0354912555771,11.879999999999836,4.31999999999994,698.3050648050851,695.6939189597173,698.3050648050851,85.04360374080066,60.33187097135699,132.7211829230587
8643.04828043456,4.5,-0.08864106554020197,5.078758946996092,655.8757537162029,12.13999999999983,4.414545454545393,695.1442078418123,692.4150386053776,695.1442078418123,84.92124105300391,61.53766333826852,133.57763350854253
8811.847036832905,4.6000000000000005,-0.09078932129941439,5.201844935313635,653.7358458245697,12.399999999999824,4.509090909090845,692.0162707433196,689.1661876932311,692.0162707433196,84.79815506468637,62.74141147495561,134.43518999375422
8980.03485538804,4.7,-0.09295015184309507,5.325651405709498,651.6156484358081,12.659999999999819,4.603636363636298,688.9209795621235,685.9470757533716,688.9209795621235,84.6743485942905,63.94314151051802,135.29384800228266
9147.615929284748,4.800000000000001,-0.09512350668465876,5.450175465515421,649.5150430540002,12.919999999999813,4.698181818181751,685.858062757022,682.7574148236697,685.858062757022,84.54982453448459,65.14287951967185,136.15360336576506
9314.594424902125,4.9,-0.09730933404512822,5.575414148014541,647.4339118380383,13.179999999999808,4.792727272727203,682.8272511867893,679.5969194450321,682.8272511867893,84.42458585198546,66.34065152023577,137.01445212089143
9480.974481668869,5.0,-0.09950758085644164,5.701364412630891,645.3721376068692,13.439999999999802,4.887272727272656,679.8282781029903,676.4653066557755,679.8282781029903,84.2986355873691,67.53648347067164,137.87639050637054
9646.760211929157,5.1000000000000005,-0.10171819276498742,5.828023145131924,643.3296038440993,13.699999999999797,4.981818181818108,676.8608791418864,673.3622959850896,676.8608791418864,84.17197685486808,68.73040126767631,138.73941495985162
9799.195466648916,5.2,-0.10363712773654118,5.9379700201620125,641.4534410862061,13.939999999999792,5.069090909090833,674.1383369523069,670.5212328017017,674.1383369523069,84.06202997983799,69.74076075659278,139.4472676251663
9963.847662109418,5.300000000000001,-0.10587142019392246,6.065985548167872,639.4475621520317,14.199999999999786,5.163636363636286,671.2309059851798,667.4725861973725,671.2304608475653,83.93401445183213,70.93148683537147,140.31280043730104
10127.917389802775,5.4,-0.10811791246490172,6.194700074003744,637.4605894034925,14.45999999999978,5.258181818181739,668.3542934985866,664.4517392171963,668.350434600606,83.80529992599625,72.12037083402792,141.17940711241332
10291.4086553178,5.5,-0.11037654519075604,6.324110196665326,635.4924088925939,14.719999999999775,5.352727272727191,665.5082442726087,661.4584209653442,665.4975964107041,83.67588980333467,73.30743842778685,142.04708486875157
10454.325436615045,5.6000000000000005,-0.11264725774819571,6.454212442693976,633.5429073525686,14.97999999999977,5.447272727272644,662.6925054245718,658.4923629969343,662.6716819796586,83.54578755730603,74.49271521840085,142.91583110768838
10616.671683948485,5.7,-0.11492998825429315,6.585003266459122,631.6119721992715,15.239999999999764,5.541818181818096,659.9068263965553,655.553299307067,659.8724294279792,83.41499673354087,75.67622673199526,143.78564341043088
10778.45131979516,5.800000000000001,-0.1172246735716651,6.716479050455173,629.699491532078,15.499999999999758,5.636363636363549,657.1509589422577,652.6409663192087,657.0995792831113,83.28352094954482,76.85799841694086,144.65651953469097
10927.198535363248,5.9,-0.11922126675747102,6.830875413406431,627.9425850613812,15.739999999999753,5.723636363636274,654.6220737543498,649.9752773819986,654.5532434658302,83.16912458659357,77.86011969319982,145.37451071758878
11087.897368771948,6.0,-0.12153882542982469,6.963661744106238,626.0652762790352,15.999999999999748,5.818181818181727,651.9228518269389,647.113776188098,651.8306456653579,83.03633825589377,79.0390118976013,146.24783650470803
11248.04089479226,6.1000000000000005,-0.12386814815066347,7.097122105134229,624.2061008025468,16.259999999999742,5.912727272727179,649.2527317307188,644.2782514290215,649.1337075540349,82.90287789486577,80.21623523553882,147.12221784440177
11407.632926857797,6.2,-0.12620916691724599,7.23125260022033,622.3649493535647,16.519999999999737,6.007272727272632,646.6114740556363,641.4684488363505,646.4621788866366,82.76874739977967,81.39181487035016,147.99765318387333
11554.365727116705,6.300000000000001,-0.12824855340363522,7.348100838686447,620.6734934123298,16.75999999999973,6.094545454545357,644.1875801190762,638.8971381059133,644.0092758222777,82.65189916131355,82.38983735719339,148.7214332398726
11712.905714088096,6.4,-0.1306119379213156,7.483512796916094,618.866700835999,17.019999999999726,6.189090909090809,641.601177592739,636.1362625819164,641.3861232470917,82.51648720308391,83.56271008470469,149.5992907720662
11870.905193145863,6.5,-0.13298681364708942,7.6195831528710025,617.0776185382191,17.27999999999972,6.283636363636262,639.0429528901177,633.4003815115925,638.7876637311201,82.380416847129,84.73400934388889,150.4781960873895
12016.171276662531,6.6000000000000005,-0.1350574679472227,7.738222905099255,615.433958368616,17.519999999999715,6.370909090908987,636.6951512332085,630.8971472859619,636.4021739758565,82.26177709490075,85.7292549268547,151.20633038411341
12173.139605533544,6.7,-0.13745430826580246,7.875551739520667,613.6786419740798,17.77999999999971,6.46545454545444,634.1904897887836,628.2088184158744,633.8507364118508,82.12444826047934,86.89797352682152,152.08763973575623
12329.578174690034,6.800000000000001,-0.13986242467533028,8.013526646362807,611.9407275976796,18.039999999999704,6.559999999999892,631.7133398380953,625.5447756452611,631.3232947140127,81.9864733536372,88.06518831139117,152.96999209871683
12473.406525545715,6.9,-0.141963776562433,8.133925240765645,610.3440500662506,18.2799999999997,6.647272727272618,629.4398578427691,623.107727836874,629.0033548974193,81.86607475923435,89.05781353196149,153.70243875214825
12628.834384558233,7.0,-0.14439343684332134,8.273134520511118,608.6393187079003,18.539999999999694,6.74181818181807,627.015013337481,620.489898598419,626.5216169240317,81.72686547948888,90.22257305090113,154.5871799291795
12783.742993712378,7.1000000000000005,-0.146834148017341,8.412976969792863,606.951686564007,18.799999999999688,6.836363636363523,624.6170318908011,617.8956661259987,624.0631964734476,81.58702303020713,91.38589776755715,155.4729606976159
12926.16196399356,7.2,-0.14896560014782867,8.535100181103974,605.4011916121738,19.039999999999683,6.923636363636248,622.4161426462908,615.5229633530789,621.806991610021,81.46489981889603,92.3760586501294,156.20968240062695
13080.079847215178,7.300000000000001,-0.1514274153144733,8.676151800094008,603.746169638371,19.299999999999677,7.018181818181701,620.0692422306246,612.97364133069,619.392991945562,81.323848199906,93.5370525206749,157.09783951189812
13221.586003220986,7.4,-0.15357835469014458,8.799391548308476,602.2256325033287,19.539999999999672,7.1054545454544265,617.915201339507,610.6423431406274,617.1778159689953,81.20060845169152,94.52578912745341,157.83747269886555
13374.526060033104,7.5,-0.15606097483502615,8.941635204744347,600.6028501113308,19.799999999999667,7.1999999999998785,615.618595396924,608.1370942300193,614.8074126617448,81.05836479525566,95.68453176950878,158.72799780875766
13515.13121593719,7.6000000000000005,-0.15823112509771703,9.06597565570574,599.1119353242315,20.03999999999966,7.2872727272726046,613.5106892938041,605.846439357857,612.6325151560413,80.93402434429426,96.67190799381802,159.47052644913558
13667.106149188601,7.7,-0.16073424325153182,9.209393761541907,597.521026093767,20.299999999999656,7.381818181818057,611.2636050320501,603.3844409746494,610.3048984063979,80.7906062384581,97.82847860663118,160.36341233955366
13806.821939220958,7.800000000000001,-0.1629233207932177,9.334818665707383,596.0594017316962,20.53999999999965,7.469090909090782,609.201132323631,601.1336812356624,608.1695419473035,80.66518133429261,98.8145581807419,161.10882160988115
13957.84425525102,7.9,-0.16544662217622955,9.479393185393485,594.5000033767515,20.799999999999645,7.563636363636235,607.0028105049811,598.7141253553852,605.8839163884486,80.52060681460651,99.96903551041227,162.00406213398904
14096.682133710674,8.0,-0.1676543362777344,9.60588588578123,593.0673410457078,21.03999999999964,7.65090909090896,604.9850818005466,596.5025254904987,603.7873763859274,80.39411411421877,100.95388196929822,162.7523383656875
14246.764142640484,8.1,-0.17019749845170462,9.751598344967038,591.5390953740076,21.299999999999635,7.745454545454413,602.8347765234861,594.1246184472099,601.5429608799506,80.24840165503296,102.10634427438274,163.64992839265233
14384.735384029646,8.200000000000001,-0.17242355142817434,9.879141785491287,590.1350701851516,21.53999999999963,7.832727272727138,600.861114257761,591.9514559605401,599.4845254128775,80.12085821450871,103.0900209199457,164.4010590194646
14533.889200170634,8.3,-0.1749862444557555,10.025973280159292,588.6376230514963,21.799999999999624,7.927272727272591,598.7580927324755,589.6144182389934,597.2805528405221,79.97402671984071,104.24054593738987,165.30099437885
14671.004899441743,8.4,-0.1772303318089034,10.154550014353351,587.261913591287,22.03999999999962,8.014545454545315,596.8278309818465,587.4789832284914,595.2595224845581,79.84544998564665,105.22311580310424,166.05496788397627
14807.712684383083,8.5,-0.17948300511075777,10.283618687171403,585.8996946496022,22.279999999999614,8.101818181818041,594.9181901457406,585.3614949416236,593.2563038949045,79.7163813128286,106.20533511077065,166.81046869489046
14955.513514719943,8.6,-0.18207402899760353,10.43207342050525,584.4472031401144,22.53999999999961,8.196363636363493,592.8838575934157,583.0836442328367,591.110927179002,79.56792657949475,107.35330653037319,167.71405117279951
15091.381848645182,8.700000000000001,-0.1843442747104416,10.562148918308539,583.1128313018112,22.779999999999603,8.28363636363622,591.016653587377,581.0028561184156,589.1441015028863,79.43785108169146,108.33450973658066,168.47237766119235
15226.849896249878,8.8,-0.18662288248409906,10.692703526904813,581.7917279076042,23.019999999999598,8.370909090908945,589.1696151269467,578.9395288938034,587.19460863747,79.30729647309519,109.31540272557896,169.23222079175738
15373.323225622878,8.9,-0.1892414783637859,10.842738019061217,580.3834403025246,23.279999999999593,8.465454545454397,587.2024384897561,576.7192344136516,585.1062227477108,79.15726198093878,110.46098146244839,170.13943995843044
15507.96752264002,9.0,-0.1915371825802749,10.974272181676422,579.089722642483,23.519999999999587,8.552727272727124,585.3968974143555,574.6916064462122,583.1921367775611,79.02572781832357,111.44094841047213,170.9020937094623
15642.218974414905,9.1,-0.19384101840716791,11.106272251248425,577.8090546977788,23.759999999999582,8.639999999999848,583.6110778475557,572.6809658984897,581.294916936812,78.89372774875157,112.42064527460566,171.6662545250297
15787.38966135555,9.200000000000001,-0.19648640530546008,11.257841755699769,576.444231370009,24.019999999999577,8.7345454545453,581.7095632675782,570.516639592309,579.2619591591972,78.74215824430023,113.56399053069555,172.5771027133817
15920.832673986335,9.3,-0.198806848181046,11.390793339072042,575.1904949123618,24.25999999999957,8.821818181818026,579.9643252626564,568.5407231988273,577.3991857896333,78.60920666092795,114.54285068009602,173.34406106030792
16053.890096306553,9.4,-0.20113518593932506,11.524197265902385,573.949592728376,24.499999999999567,8.909090909090752,578.2383757769556,566.5813328535432,575.5528238726939,78.47580273409761,115.52148061323622,174.11251789454462
16186.564240720754,9.5,-0.20347134078910925,11.658049079084037,572.7214558157633,24.73999999999956,8.996363636363476,576.5315769004919,564.6383215742914,573.7227285127487,78.34195092091596,116.49989258851255,174.88247004351555
16330.046284417687,9.600000000000001,-0.2061510043125784,11.811582489493976,571.4130878813447,24.999999999999556,9.09090909090893,574.7148067408087,562.5458122947911,571.7609218932137,78.18841751050603,117.64063140224495,175.7982329913094
16461.93167156795,9.700000000000001,-0.208503099084442,11.946347592936545,570.2112919574536,25.23999999999955,9.178181818181654,573.04741226544,560.636272719599,569.9640395158916,78.05365240706345,118.61832242614376,176.57096688413816
16593.440790713106,9.8,-0.21086276637642423,12.081546569822192,569.022050093407,25.479999999999546,9.26545454545438,571.3987495644544,558.7426664108677,568.1829844619426,77.9184534301778,119.59583494376339,177.34518872842185
16724.5758750596,9.9,-0.21322992595015997,12.217174822831236,567.8452946152785,25.71999999999954,9.352727272727106,569.7686852021409,556.8648513219925,566.4176167317615,77.78282517716876,120.57318109393762,178.12089574858305
16855.339138502746,10.0,-0.2156044969975227,12.353227721999081,566.6809581644525,25.959999999999535,9.43999999999983,568.1570868081523,555.0026865854603,564.6677974953835,77.64677227800092,121.55037298687135,178.89808526382112
16985.732775664528,10.100000000000001,-0.2179863981519969,12.489700605367792,565.528973695337,26.19999999999953,9.527272727272557,566.5638230680096,553.1560325038696,562.9333890833384,77.51029939463221,122.52742270209059,179.67675468513437
17115.758961933305,10.200000000000001,-0.2203755475001796,12.626588779645092,564.3892744730175,26.439999999999525,9.614545454545281,564.9887637135722,551.3247505409081,561.2142549774641,77.37341122035491,123.50434228639962,180.4569015123456
17256.40671187251,10.3,-0.22311128869376778,12.783335203877776,563.1759254727233,26.69999999999952,9.709090909090735,563.3132485201107,549.3508264547104,559.3700020166185,77.21666479612222,124.6414274300753,181.3814263332918
17385.6766888905,10.4,-0.22551517336524854,12.921067649989814,562.0615711831559,26.939999999999515,9.79636363636346,561.7756431465386,547.5509441426985,557.6820405045537,77.07893235001019,125.61782039641749,182.16433158466546
17514.58580461526,10.5,-0.22792604941009018,13.059200672288434,560.9592979177295,27.17999999999951,9.883636363636185,560.2558466006838,545.7660139490506,556.0089396282337,76.94079932771157,126.59412177669853,182.94870867365117
17643.136156429235,10.600000000000001,-0.230343832797797,13.197729456180877,559.8690401965074,27.419999999999504,9.970909090908911,558.7537328036666,543.9959020033732,554.350567491347,76.80227054381912,127.57034344065902,183.73455541169938
17771.329822708813,10.700000000000001,-0.2327684390115567,13.3366491592105,558.7907328367362,27.6599999999995,10.058181818181636,557.2691766729655,542.2404755488653,552.7067933005991,76.6633508407895,128.54649721523054,184.52186968408802
17899.168862872746,10.8,-0.23519978306054276,13.475954911761654,557.724310950178,27.899999999999494,10.145454545454362,555.8020541127225,540.499602933075,551.0774873563131,76.52404508823835,129.5225948825532,185.310649446985
18026.655317429246,10.9,-0.23763777949236953,13.615641817773282,556.6697099403433,28.13999999999949,10.232727272727088,554.3522420039582,538.773153598552,549.4625210429265,76.38435818222672,130.49864817800272,186.10089272450878
18153.791208026214,11.0,-0.24008234240564158,13.755704955457974,555.6268654997194,28.379999999999484,10.319999999999812,552.9196181948261,537.0609980735328,547.8617668195232,76.24429504454203,131.47466878822328,186.89259760579836
18280.578537501453,11.100000000000001,-0.24253338546263722,13.896139378028668,554.5957136069511,28.61999999999948,10.407272727272538,551.504061490846,535.3630079625927,546.2750982103308,76.10386062197134,132.45066834917722,187.6857622420966
18407.01928993403,11.200000000000001,-0.24499082190209984,14.036940114431532,553.5761905239782,28.859999999999474,10.494545454545262,550.1054516451234,533.6790559372749,544.7023897951993,75.96305988556847,133.42665844419582,188.48038484383224
18533.11543069675,11.3,-0.24745456455213766,14.178102170085076,552.568232793166,29.09999999999947,10.581818181817988,548.7236693486041,532.0090157267449,543.1435172001032,75.82189782991492,134.40265060204842,189.2764636777225
18658.868906508913,11.4,-0.24992452584323685,14.319620527625743,551.5717772343882,29.339999999999463,10.669090909090714,547.3585962203083,530.3527621084128,541.5983570876155,75.68037947237426,135.37865629501488,190.07399706387596
18784.281645490206,11.5,-0.25240061782137513,14.461490147659267,550.586760942091,29.57999999999946,10.756363636363439,546.0101147975836,528.7101708985665,540.0667871473894,75.53850985234074,136.35468693696984,190.87298337290832
18909.35555721565,11.600000000000001,-0.254882752161237,14.603705969517842,549.6131212823533,29.819999999999453,10.843636363636165,544.6781085263951,527.0811189430293,538.5486860866713,75.39629403048215,137.33075388148026,191.67342102307367
19034.092532770654,11.700000000000001,-0.25737084017953077,14.746262912023143,548.6507958898947,30.059999999999448,10.93090909090889,543.3624617515915,525.4654841077848,537.0439336207758,75.25373708797686,138.30686841990524,192.47530847739486
19158.494444807082,11.8,-0.25986479284838493,14.889155874253873,547.6997226651196,30.299999999999443,11.018181818181615,542.06305970726,523.8631452696804,535.5524104636448,75.11084412574613,139.28304177951532,193.27864424082114
19282.563147599685,11.9,-0.2623645208088513,15.032379736319443,546.7598397710998,30.539999999999438,11.105454545454341,540.7797885070431,522.2739823070806,534.0739983183556,74.96762026368056,140.2592851216118,194.08342685738117
19395.762212586655,12.0,-0.2645233389148034,15.156070902526924,545.9011792551255,30.759999999999433,11.18545454545434,539.6081469301387,520.8390825895416,532.732760488901,74.84392909747308,141.0801271641855,194.749784378942
19519.194906591183,12.100000000000001,-0.2670340016236209,15.29992127952305,544.9826141426614,30.999999999999428,11.272727272727066,538.355540658264,519.2750256865983,531.2793622898546,74.70007872047695,142.05680503106666,195.55762343774902
19642.29969011272,12.200000000000001,-0.269550178273892,15.44408758209295,544.0750607175719,31.239999999999423,11.35999999999979,537.1187381882902,517.7237997480283,529.8387353103119,74.55591241790705,143.03358377473634,196.36690402171922
19765.078345821545,12.3,-0.2720717783477441,15.588564623944551,543.1784581379138,31.479999999999418,11.447272727272516,535.897628980657,516.1852884757393,528.4107650292075,74.41143537605545,144.01047430068314,197.17762482013882
19887.532638292796,12.4,-0.27459871106372497,15.733347203683786,542.2927458099797,31.719999999999413,11.53454545454524,534.692103328941,514.6593765281827,526.9953378689261,74.26665279631621,144.98748743925842,197.98978454755456
20009.664314064623,12.5,-0.2771308853907606,15.878430105614305,541.4178633852487,31.959999999999408,11.621818181817966,533.5020523503752,513.1459495111478,525.5923411859562,74.1215698943857,145.96463394385978,198.80338194100474
20131.47510169896,12.600000000000001,-0.27966821006215425,16.023808100539583,540.5537507573886,32.199999999999434,11.709090909090703,532.3273679764787,511.6448939686545,524.201663261646,73.97619189946042,146.94192448913185,199.61841575727803
20242.59741262036,12.700000000000001,-0.28186175983316514,16.149489244570393,539.7644633742035,32.41999999999947,11.789090909090715,531.2550252309259,510.2913115591948,522.9415958011031,73.85051075542961,147.76562245768955,200.29611353301206
20363.79541373564,12.8,-0.2844088237784877,16.295425258787315,538.9208687555498,32.659999999999506,11.876363636363457,530.109558116769,508.81383714746624,521.5744290568673,73.70457474121268,148.74347963533666,201.11417577694988
20484.677459761708,12.9,-0.28696077174700413,16.44164110692029,538.0878701939961,32.899999999999544,11.963636363636198,528.9791471328117,507.3484083214746,520.2192600556729,73.55835889307971,149.72151039521063,201.9336697587792
20605.245209220848,13.0,-0.2895175116911047,16.58813151502977,537.265408500362,33.13999999999958,12.050909090908938,527.8636873078303,505.8949152058684,518.8759806079147,73.41186848497023,150.69972510613974,202.75459430542512
20715.223393508644,13.100000000000001,-0.2917290261138054,16.71484195778283,536.5142595335686,33.359999999999616,12.13090909090895,526.8455117807785,504.585248148368,517.6597855308374,73.28515804221718,151.52531351097824,203.43876256568637
20835.190764703526,13.200000000000001,-0.29429482075236046,16.86185116166933,535.7118726524726,33.59999999999965,12.218181818181693,525.7584819599939,503.1545097507196,516.3392028221693,73.13814883833066,152.5041660755214,204.26269998741773
20954.84856857264,13.3,-0.2968651391096803,17.009119555548757,534.9198515010239,33.83999999999969,12.305454545454433,524.6861016463859,501.7353913941752,515.0301987254796,72.99088044445125,153.48323127760682,205.08806350688036
21074.19839450404,13.4,-0.2994398885753849,17.15664183323719,534.1381377641103,34.07999999999973,12.392727272727173,523.6282688292727,500.32778665002235,513.7326684440865,72.84335816676281,154.46251915280553,205.91485197983954
21183.05509365185,13.5,-0.3016680938462068,17.28430859114409,533.4243049095818,34.29999999999976,12.472727272727186,522.6628076954659,499.0605076599777,512.5588392062866,72.71569140885592,155.29011637020832,206.60544880773176
21301.816425448385,13.600000000000001,-0.30425120934799854,17.432310207391577,532.6622293004731,34.5399999999998,12.559999999999928,521.6326398068987,497.67485694725053,511.28321659339986,72.56768979260842,156.2701112639505,207.43523524728036
21420.27430733696,13.700000000000001,-0.3068384864039951,17.58055026313121,531.9102924490212,34.77999999999984,12.647272727272668,520.616726197923,496.30041401540694,510.0187665404725,72.41944973686878,157.25035658203993,208.26644227143782
21528.3092337232,13.8,-0.30907831943331754,17.708883242525392,531.2237294517865,34.99999999999987,12.72727272727268,519.6896132349041,495.0637737391023,508.87557829825397,72.29111675747461,158.07958133624686,208.961860337981
21646.187129469494,13.9,-0.31167344857933627,17.857573189883652,530.4911096656391,35.23999999999991,12.814545454545422,518.7008086899963,493.7107045605589,507.63246399482716,72.14242681011635,159.0605832315871,209.79605396036663
21763.765955015497,14.0,-0.3142724691803059,18.006486101186766,529.7684617513695,35.47999999999995,12.901818181818163,517.7259712433594,492.3685444107351,506.40022795997123,71.99351389881323,160.04186256955924,210.63166380953228
21870.99069368159,14.100000000000001,-0.31652322056988125,18.13544465654264,529.1087239662402,35.69999999999998,12.981818181818175,516.8364394044098,491.1617402468222,505.28688888523436,71.86455534345737,160.8727758632308,211.3318798885224
21987.997756012686,14.200000000000001,-0.3191295786643645,18.28477797525629,528.4050753848952,35.94000000000002,13.069090909090916,515.8881665325697,489.8403869076868,504.07542980900143,71.71522202474371,161.85486005203555,212.17046508341028
22094.6951747896,14.3,-0.3213871598149579,18.41412784709358,527.7627370281856,36.16000000000005,13.149090909090928,515.022937300468,488.6528105638749,502.9813403839841,71.58587215290642,162.6869898720472,212.8739008789691
22211.135715673252,14.4,-0.32400051798107443,18.563862240368106,527.0778808394035,36.40000000000009,13.23636363636367,514.1008772636653,487.3518983171094,501.7902977278502,71.43613775963189,163.66990929911384,213.71545341256922
22327.284117954678,14.5,-0.3266173201680266,18.713793961501068,526.4027237703478,36.64000000000013,13.32363636363641,513.1923212229285,486.06141495625513,500.60966029761926,71.28620603849893,164.65314893101976,214.55841451231092
22433.189650261193,14.600000000000001,-0.3288846449826035,18.843702104161608,525.786483801691,36.86000000000016,13.403636363636423,512.363436112303,484.9023842403866,499.5441467565067,71.15629789583839,165.48706421589122,215.2666098223881
22548.779286989407,14.700000000000001,-0.3315079330734018,18.994005440211282,525.129806665901,37.1000000000002,13.490909090909163,511.4805664430506,483.63179629229904,498.38338786438055,71.00599455978872,166.47118508615262,216.11252696989195
22654.16914147225,14.8,-0.33378131827096447,19.124260817239136,524.5304925251152,37.320000000000235,13.570909090909176,510.67518452705684,482.4911606104196,497.3363021062764,70.87573918276087,167.30637771631362,216.82391543246217
22769.20494901256,14.9,-0.3364107557544419,19.274916487535894,523.892091752729,37.56000000000027,13.658181818181918,509.81766101153755,481.2401159872066,496.1950746119209,70.72508351246411,168.29140870494544,217.67278054632905
22874.083537794802,15.0,-0.33868989756188145,19.405501694013996,523.3095177771177,37.78000000000031,13.73818181818193,509.0354725403588,480.1175534990489,495.1660989636822,70.59449830598601,169.12790167939266,218.38735139292953
22988.570332487106,15.100000000000001,-0.34132514862746666,19.556490458029383,522.6891910845862,38.020000000000344,13.82545454545467,508.20295935461945,478.8857053362387,494.0440608564579,70.44350954197061,170.11387104350476,219.23915631826372
23092.94195586776,15.200000000000001,-0.3436097440463704,19.68738813342749,522.1231727877233,38.24000000000038,13.905454545454683,507.44365858222955,477.7808989266818,493.0328822966559,70.31261186657251,170.9516869063603,219.95689882196115
23206.88443475421,15.3,-0.3462504737721969,19.838690801552087,521.5207191500579,38.480000000000416,13.992727272727423,506.63582419834745,476.56790548351665,491.92969659420635,70.16130919844791,171.9386222586211,220.81163529852975
23310.753281832123,15.4,-0.3485402207495842,19.969883639509217,520.9710731991275,38.70000000000045,14.072727272727436,505.89910929692917,475.4805426742622,490.9360066631585,70.03011636049078,172.7777830787727,221.5325387444399
23424.15602338098,15.5,-0.3511860952890375,20.12148108374101,520.3862928228019,38.94000000000049,14.160000000000178,505.11562638688156,474.286067235331,489.8513413113813,69.878518916259,173.76571136635317,222.39019837544996
23527.526172675847,15.600000000000001,-0.353480692886528,20.252951841758076,519.8528370164337,39.16000000000052,14.24000000000019,504.40119936258753,473.2158400976434,488.87483602229116,69.74704815824192,174.6062387175737,223.11425203184487
23630.657543474288,15.700000000000001,-0.35577757490664597,20.384553487550317,519.3270777259078,39.38000000000056,14.320000000000203,503.6973523764454,472.15377303422434,487.9065264401184,69.61544651244968,175.44753460960104,223.83992297892303
23743.269057570098,15.8,-0.35843052821418736,20.53655651531771,518.7680845596456,39.620000000000594,14.407272727272943,502.94931131393366,470.98615594449353,486.8487435480253,69.46344348468229,176.4371011431251,224.7020193433618
23845.907538926862,15.9,-0.3607318195422496,20.668410795845734,518.2582481458599,39.84000000000063,14.487272727272956,502.2673185201018,469.94077707491493,485.8971767434223,69.33158920415427,177.27979381643718,225.43082381126757
23957.99013919441,16.0,-0.3633890973797231,20.820661600926616,517.7164384169175,40.080000000000666,14.574545454545698,501.54283536810857,468.79086417371747,484.85711144553824,69.17933839907339,178.2704164362132,226.29582106822804
24060.139537634317,16.1,-0.36569450056818326,20.952751473701387,517.2223453953186,40.3000000000007,14.65454545454571,500.8824079286103,467.7618764733175,483.92199414230936,69.04724852629862,179.11452618513016,227.02774819257567
24162.054609631912,16.2,-0.36800183910240925,21.084952233620438,516.735736266677,40.520000000000735,14.734545454545723,500.23221808157086,466.74069548560306,482.9947234219028,68.91504776637956,179.95942649504053,227.76127757082102
24273.361408634795,16.3,-0.37066499355316496,21.23753974384022,516.2189953444137,40.76000000000077,14.821818181818463,499.5420218831516,465.61645847703244,481.98037386570064,68.76246025615978,180.95177595816273,228.6306760728985
24374.792805205318,16.400000000000002,-0.3729760085656568,21.369951150447378,515.7478662765718,40.98000000000081,14.901818181818475,498.9129768993459,464.6112369149051,481.06912623148605,68.63004884955262,181.79812169263246,229.3673111717475
24485.58079768805,16.5,-0.3756426777985967,21.52274004285222,515.2478260224756,41.220000000000844,14.989090909091216,498.2455689307436,463.5039191096695,480.0717197311839,68.47725995714778,182.791586045686,230.23958699459692
24586.532057025714,16.6,-0.37795707632659353,21.655345310617733,514.7920001260972,41.44000000000088,15.069090909091228,497.637388644088,462.5143703432413,479.17621209927665,68.34465468938227,183.63939610688703,230.97931665169176
24687.253119401576,16.7,-0.38027306652180515,21.788041774197033,514.3434486143993,41.66000000000091,15.14909090909124,497.0391138485822,461.53228723603985,478.28821401722337,68.21195822580296,184.48801731834368,231.72063338936243
24797.27968185195,16.8,-0.38294442782878785,21.9410995026417,513.8677689741351,41.90000000000095,15.236363636363983,496.4048723285879,460.44950445352094,477.31539722670766,68.05890049735831,185.48329067619167,232.5972729153096
24897.52561892432,16.900000000000002,-0.38526337352712464,22.073965304076413,513.4342610687045,42.120000000000985,15.316363636363995,495.82705423716715,459.48267739524755,476.44272743076147,67.92603469592359,186.33340249993168,233.3416667908836
24997.543665386263,17.0,-0.38758370916553014,22.20691074321084,513.0079040124222,42.34000000000102,15.396363636364008,495.258948235633,458.5231180901687,475.57737155815374,67.79308925678916,187.18433690972813,234.0876384333744
25097.334534826867,17.1,-0.3899053704163291,22.339932134340682,512.5886580688993,42.560000000001054,15.47636363636402,494.70049247007876,457.57076322774446,474.71926700039756,67.66006786565931,188.03609730399603,234.8351846048266
25206.36456069708,17.2,-0.3925819349276117,22.493287984431667,512.1445964926951,42.80000000000109,15.56363636363676,494.1091703441891,456.51949715231814,473.77806019818337,67.50671201556833,189.03391478255293,235.7176487074829
25305.686562774645,17.3,-0.3949059938906008,22.6264467543505,511.74005400860926,43.020000000001126,15.643636363636773,493.5706422710212,455.5818596563791,472.93475158941163,67.3735532456495,189.88719826218852,236.4682480043839
25404.78354464255,17.400000000000002,-0.3972311801788241,22.75967011524738,511.34250047960984,43.24000000000116,15.723636363636786,493.0415754952217,454.65123403837566,472.09850390389494,67.24032988475261,190.74131842417515,237.22041234102767
25503.6561713021,17.5,-0.39955743064777116,22.89295444920838,510.95189661291187,43.460000000001195,15.803636363636798,492.52190958354856,453.72755868256303,471.2692561948626,67.10704555079163,191.59627843929158,237.97413843022406
25611.70287387181,17.6,-0.4022380029395772,23.046539928208574,510.53872983065065,43.70000000000123,15.890909090909538,491.97238986251904,452.70668050478116,470.3585443695676,66.95346007179143,192.59671288311347,238.86238156237846
25710.112483727986,17.7,-0.40456610331531956,23.179930254021432,510.1624929876413,43.92000000000127,15.97090909090955,491.47213465085133,451.79719833771674,469.54357445777686,66.82006974597857,193.45322616191868,239.61913599853133
25808.299747044388,17.8,-0.40689507340879544,23.31337041098979,509.79308498807137,44.1400000000013,16.050909090909563,490.98109564403217,450.89447900840906,468.7354191613976,66.68662958901021,194.31058921106083,240.37744245892839
25906.265280668955,17.900000000000002,-0.4092248513795823,23.446856855918433,509.43046697101016,44.360000000001335,16.130909090909576,490.49921377183483,449.9984625320791,467.9340191304757,66.55314314408156,195.1688049600991,241.1372975869635
26004.00968965864,18.0,-0.4115553757249818,23.580386064962312,509.0746001803063,44.58000000000137,16.21090909090959,490.0264302901003,449.10908931310564,467.13931539605625,66.41961393503769,196.02787628092946,241.89869800936157
26110.848988211554,18.1,-0.4142393493300471,23.73416642485706,508.6988955035725,44.82000000000141,16.29818181818233,489.52742763997094,448.12454029872526,466.26509011407654,66.26583357514293,197.03172027331826,242.7941294438413
26208.137084314938,18.2,-0.4165710580329848,23.867763492589315,508.35698214371223,45.04000000000144,16.37818181818234,489.07342757055204,447.24872716125327,465.4840380913807,66.13223650741068,197.8923788533729,243.5585258447726
26305.20588171979,18.3,-0.4189033239178716,24.001392484495675,508.02170081031636,45.260000000001476,16.458181818182354,488.62834631704305,446.37937598180224,464.70950298935145,65.99860751550432,198.75390190540915,244.32445744055923
26402.055937848087,18.400000000000002,-0.4212360869275613,24.13504995955513,507.6930131658041,45.48000000000151,16.538181818182366,488.19212642977766,445.51642871894614,463.9414273578559,65.86495004044487,199.6162920443725,245.09192076484055
26498.687798452138,18.5,-0.4235692873758841,24.26873249800206,507.3708809743544,45.700000000001545,16.61818181818238,487.76471076889607,444.6598277020116,463.1797541090669,65.73126750199793,200.4795518238261,245.86091232896433
26595.101997637208,18.6,-0.4259028659538239,24.40243670168015,507.05526610137986,45.92000000000158,16.69818181818239,487.34604250128365,443.80951562757576,462.42442651390587,65.59756329831986,201.343683735248,246.6314286209211
26700.518790679365,18.7,-0.4285886346721588,24.556319913989,506.7229579333628,46.16000000000162,16.785454545455135,486.90533731664556,442.8663082223013,461.59176025160133,65.443680086011,202.3517742669582,247.53540470660428
26796.483872648383,18.8,-0.4309226269534643,24.690047821123915,506.4208088148162,46.38000000000165,16.865454545455147,486.5047242037795,442.0288255496793,460.84936139895746,65.30995217887609,203.21752890872068,248.30887587707144
26892.232902901997,18.900000000000002,-0.43325681516691283,24.8237869543437,506.1250596895254,46.600000000001685,16.94545454545516,486.1126846584524,441.1974574681417,460.1131355997996,65.1762130456563,204.08416329910386,249.08386112561368
26987.7663684991,19.0,-0.43559114160423945,24.957534007208324,505.8356728274336,46.82000000000172,17.025454545455172,485.7291630646072,440.372148140443,459.38302755454646,65.04246599279168,204.95167965551164,249.8603568209065
27083.08474496628,19.1,-0.43792554896434205,25.09128569660648,505.55261059709136,47.040000000001754,17.105454545455185,485.3541040976588,439.5528420790328,458.6589823045567,64.90871430339352,205.82008012991798,250.63835930310677
27178.188496319784,19.200000000000003,-0.4402599803588288,25.225038763073407,505.27583546518616,47.26000000000179,17.185454545455197,484.98745272159795,438.7394841426896,457.94094522871575,64.7749612369266,206.68936680823916,251.41786488287661
27273.078075085465,19.3,-0.442594379317452,25.35878997110225,505.0053099960891,47.48000000000182,17.26545454545521,484.6291541861336,437.93201953319027,457.2288620400595,64.64121002889775,207.55954170971933,252.19886984042458
27367.75392232164,19.400000000000002,-0.4449286897934375,25.492536109449397,504.74099685139976,47.70000000000186,17.345454545455222,484.2791540238471,437.13039379198773,456.5226787824062,64.50746389055061,208.43060678632293,252.98137042455383
27462.216467638667,19.5,-0.44726285616869454,25.626273991432974,504.48285878951884,47.92000000000189,17.425454545455235,483.9373980473997,436.33455279693726,455.8223418270398,64.37372600856702,209.3025639221463,253.76536285173475
27556.466129219705,19.6,-0.44959682325892064,25.760000455225356,504.23085866521376,48.140000000001926,17.505454545455247,483.60383234674373,435.5444427590245,455.1277978693939,64.23999954477465,210.17541493283244,254.5508433051811
27650.503313841305,19.700000000000003,-0.451930536318581,25.893712364138462,503.98495942920783,48.36000000000196,17.58545454545526,483.27840328638126,434.7600102191378,454.43899392578294,64.10628763586153,211.0491615649998,255.3378079339443
27744.32841689342,19.8,-0.4542639410457873,26.02740660690326,503.7451241277795,48.580000000001995,17.665454545455272,482.9610575026509,433.9812020448636,453.7558773301567,63.972593393096744,211.92380549568784,256.12625285202733
27837.941822398912,19.900000000000002,-0.4565969835870613,26.161080097942733,503.5113159023496,48.80000000000203,17.745454545455285,482.6517419010137,433.2079654272804,453.0783957308535,63.83891990205727,212.79934833180062,256.9161741374961
27931.343903034103,20.0,-0.4589296105419582,26.29472977763678,503.28349798912336,49.020000000002064,17.825454545455298,482.35040365342593,432.4402478778361,452.40649708743973,63.705270222363225,213.67579160957524,257.70756783162426
28024.535020147185,20.1,-0.4612617689676148,26.428352612582774,503.0616337186869,49.2400000000021,17.90545454545531,482.0569901956678,431.6779972251782,451.7401296675009,63.57164738741723,214.55313679404736,258.5004299380306
28117.51552377804,20.200000000000003,-0.46359340638314817,26.56194559584763,502.8456865156651,49.46000000000213,17.985454545455323,481.7714492247673,430.92116161207605,451.0792420435277,63.43805440415237,215.431385278542,259.29475642185076
28210.285752677206,20.3,-0.4659244707739491,26.695505747213755,502.6356198983479,49.68000000000217,18.065454545455335,481.4937286963978,430.16968949231756,450.42378308977584,63.30449425278624,216.3105383841561,260.0905432088981
28302.84603432441,20.400000000000002,-0.46825491059586327,26.829030113418657,502.43139747835414,49.9000000000022,18.145454545455348,481.2237768223402,429.42352962766415,449.7737019791865,63.17096988658135,217.19059735926913,260.88778618485924
28395.196684946925,20.5,-0.4705846747792545,26.962515768387718,502.2329829602839,50.120000000002236,18.22545454545536,480.9615420679449,428.6826310848059,449.1289481803064,63.03748423161228,218.0715633790516,261.68648119448613
28487.338009538234,20.6,-0.4729137127329447,27.095959813459952,502.0403401413901,50.34000000000227,18.305454545455373,480.7069731496347,427.9469432323555,448.48947145424876,62.904040186540044,218.9534375449874,262.48662404080756
28579.27030187625,20.700000000000003,-0.4752419743480269,27.229359377606475,501.8534329112682,50.560000000002304,18.385454545455385,480.4600190324453,427.2164157378795,447.85522185169145,62.77064062239353,219.8362208844053,263.28821048435265
28670.993844540557,20.8,-0.47756941000158976,27.3627116176439,501.67222525152755,50.78000000000234,18.465454545455398,480.22062892755866,426.4909985649169,447.22614970986433,62.637288382356104,220.7199143500198,264.0912362423824
28762.508908930668,20.900000000000002,-0.47989597056029387,27.496013718439244,501.49668123550134,51.00000000000237,18.54545454545541,479.9887522899004,425.7706419700641,446.6022056496031,62.503986281560756,221.60451881948353,264.89569698814006
28844.930762969052,21.0,-0.48187516471183434,27.609413190159486,501.33828354036785,51.200000000002404,18.61818181818269,479.77955075032605,425.1458307454998,446.0587217972455,62.390586809840514,222.3498142969847,265.57159910189785
28936.0433850415,21.1,-0.4842001383951838,27.742624369694393,501.1734942423475,51.42000000000244,18.698181818182704,479.561934246775,424.4351237242861,445.4445778554391,62.2573756303056,223.23636470713762,266.3790037833816
29026.94821390526,21.200000000000003,-0.48652409827935394,27.87577746281506,501.01426478694384,51.64000000000247,18.778181818182716,479.35168575639244,423.7293337280783,444.8354194478529,62.12422253718494,224.12382821970107,267.18783053427313
29117.645477015667,21.3,-0.48884699717989283,28.008869766051514,500.8605596081235,51.86000000000251,18.85818181818273,479.1487556712954,423.02841213110247,444.2311982770204,61.99113023394848,225.01220542714762,267.99807486102185
29208.135390730284,21.400000000000002,-0.49116878841775213,28.14189860489131,500.71234323020525,52.08000000000254,18.93818181818274,478.95309461584037,422.33231058655684,443.63186631485183,61.85810139510869,225.9014968447758,268.80973222248656
29298.418160323967,21.5,-0.493489425822201,28.274861333946422,500.5695802675789,52.300000000002576,19.018181818182754,478.7646534443218,421.6409810237902,443.0373757997866,61.72513866605358,226.791702910308,269.6227980292405
29388.493980006773,21.6,-0.4958088637335858,28.407755337111407,500.4322354244611,52.52000000000261,19.098181818182766,478.58338323873596,420.9543756455484,442.4476792340138,61.59224466288859,227.68282398349984,270.43726764289494
29469.57117584094,21.700000000000003,-0.49778283551961683,28.52085558932889,500.3086237803178,52.72000000000264,19.17090909091005,478.42025452040133,420.36078436232054,441.93600965204826,61.47914441067111,228.43544143950223,271.1237149970808
29559.24695886909,21.8,-0.5001000868842345,28.65362431259241,500.1815679631509,52.94000000000268,19.250909090910064,478.25259653160316,419.68318822053567,441.3554770191604,61.34637568740759,229.32851461226284,271.94106773814036
29648.716250291036,21.900000000000002,-0.5024160102913104,28.786316949493422,500.0598283231627,53.16000000000271,19.330909090910076,478.0919687478183,419.0101782591674,440.7796011565291,61.213683050506575,230.22250345347578,272.7598105179159
29737.9792007973,22.0,-0.5047305621058827,28.918930999932762,499.94336991834183,53.380000000002745,19.41090909091009,477.9383231272443,418.34170772311523,440.20833557182914,61.08106900006724,231.1174080267209,273.57993851240013
29827.035950087648,22.1,-0.5070436992159333,29.051463993773748,499.8321578953224,53.60000000000278,19.4909090909101,477.79161184503977,417.67773011734846,439.64163402303706,60.94853600622625,232.0132283157592,274.40144684538893
29907.159041633073,22.200000000000003,-0.5090128868702964,29.16429013543802,499.7323469756961,53.80000000000281,19.563636363637386,477.6599514991059,417.10507378046685,439.1513343011375,60.83570986456198,232.77110364630633,275.0953115687028
29995.81680662707,22.3,-0.5113234408478906,29.29667512669133,499.6310983540561,54.020000000002845,19.6436363636374,477.5264048930514,416.4496649851387,438.5933587337401,60.703324873308674,233.66887662640954,275.9196575802977
30084.268668484496,22.400000000000002,-0.5136324591424895,29.42897212979034,499.5349954768452,54.24000000000288,19.72363636363741,477.39965502010733,415.7986148270918,438.0398136048015,60.57102787020966,234.56756493852524,276.7453695112775
30172.51472366515,22.5,-0.515939900707364,29.56117879293071,499.44400384018536,54.460000000002914,19.803636363637423,477.27965489079935,415.15187780230883,437.4906536261899,60.43882120706929,235.4671682632153,277.572442287489
30251.877549848803,22.6,-0.5179046947103219,29.673753196912813,499.36260993095414,54.660000000002945,19.876363636364708,477.17231932147433,414.5951728808695,437.0166590402329,60.32624680308719,236.22926353548365,278.27217121218496
30339.72506548973,22.700000000000003,-0.5202092553501513,29.80579479520701,499.2813255261947,54.88000000000298,19.95636363636472,477.065134792178,413.95666209933876,436.47588416660744,60.19420520479299,237.1308177733397,279.1020440908216
30427.36694538038,22.8,-0.5225121243372131,29.937739468937217,499.2050527560763,55.100000000003014,20.036363636364733,476.9645648140611,413.32233298100067,435.93936356523244,60.06226053106278,238.03328579719576,279.9332628524704
30514.80324294991,22.900000000000002,-0.5248132627146584,30.069584986040418,499.1337574630557,55.32000000000305,20.116363636364746,476.8705632018633,412.6921409735446,435.4070528622322,59.93041501395958,238.93666697921086,280.7658222157451
30593.40573529751,23.0,-0.5267731407677043,30.181877726840263,499.07030821538325,55.52000000000308,20.18909090909203,476.78691075568736,412.150749936487,434.94872892063097,59.81812227315974,239.70297785956515,281.4713443917859
30680.44360707163,23.1,-0.529071116079747,30.313542013645566,499.00846668120147,55.740000000003114,20.269090909092043,476.7053818322054,411.5284486903574,434.4244692803412,59.686457986354434,240.6083061456869,282.3066650018828
30767.27594087512,23.200000000000003,-0.5313672519753714,30.445100909653334,498.95150404090487,55.96000000000315,20.349090909092055,476.63028840621666,410.9101557949671,433.9042912657634,59.554899090346666,241.5145455055433,283.14331068150005
30845.310449700453,23.3,-0.5333232069653396,30.557168875496068,498.9011104287889,56.16000000000318,20.421818181819337,476.56385759713993,410.37977344193393,433.4572475907699,59.44283112450393,242.28403149529709,283.8531412941824
30931.744202237467,23.400000000000002,-0.5356159808121294,30.688535140295098,498.8534147588231,56.380000000003214,20.50181818181935,476.50098566846674,409.7691258009876,432.944876048698,59.3114648597049,243.19221386243993,284.6925184837873
31017.972366990245,23.5,-0.5379068110169021,30.819790042609664,498.81050015884523,56.60000000000325,20.58181818181936,476.44441804801824,409.1623596953724,432.4364597269677,59.18020995739033,244.10130457994174,285.533204778636
31095.43816047553,23.6,-0.5398585843612395,30.93161841780633,498.7729057249247,56.80000000000328,20.654545454546646,476.3948646919271,408.64264429688336,432.00035588475174,59.068381582193666,244.87396016500085,286.24730262361527
31181.26740519661,23.700000000000003,-0.5421458623169215,31.06266979124022,498.7390727931472,57.020000000003314,20.73454545454666,476.35027059847425,408.0432815850567,431.4995049535609,58.937330208759775,245.78498866394943,287.09068994991696
31266.890918448204,23.8,-0.5444310970013113,31.193604093852667,498.70992386223963,57.24000000000335,20.81454545454667,476.3118512569472,407.4476754785614,431.0024846448266,58.80639590614733,246.69692214321827,287.93536997114444
31343.78700170367,23.900000000000002,-0.546378442362797,31.305178764320175,498.68487429883436,57.44000000000338,20.887272727273956,476.27883571127194,406.9382902491565,430.5769849784471,58.694821235679825,247.47274046968883,288.65369302840645
31429.01107338561,24.0,-0.5486599434011601,31.435899144773096,498.6646232118925,57.660000000003414,20.96727272727397,476.2521450606043,406.34984920922204,430.0872923727606,58.564100855226904,248.3866053604127,289.5010428340117
31505.530140688577,24.1,-0.5506043352911556,31.547304593789303,498.6476758572703,57.860000000003446,21.040000000001253,476.2298089997182,405.8470854967849,429.66860046130273,58.452695406210694,249.16455240196873,290.22217508202834
31590.35429203373,24.200000000000003,-0.552881989443995,31.67780456393745,498.63620294474555,58.08000000000348,21.120000000001266,476.21468823878536,405.26565461383933,429.18608101217626,58.32219543606255,250.0803440592239,291.0721738600735
31674.97224960569,24.3,-0.555157445952088,31.808178618316752,498.62925502896724,58.300000000003514,21.20000000000128,476.2055312757356,404.6877772393326,428.7071894791001,58.19182138168325,250.99703378863651,291.92343723331925
31750.919323691156,24.400000000000002,-0.557097030343505,31.919308617954396,498.62443614591353,58.500000000003546,21.272727272728563,476.19918028680246,404.1947957220996,428.2985552844809,58.0806913820456,251.77812934604304,292.6487232671192
31835.13653690191,24.5,-0.5593684731604627,32.049452704771376,498.6260850186143,58.72000000000358,21.352727272728576,476.2013533961119,403.6236957856301,427.82660459882425,57.950547295228624,252.69673756627287,293.5026030566717
31910.70476267261,24.6,-0.5613048685817612,32.16039998988024,498.62909715495806,58.92000000000361,21.42545454545586,476.2053232072155,403.13697925515817,427.42442250040096,57.83960001011976,253.47995149106916,294.23065072266166
31994.520553214523,24.700000000000003,-0.5635721940410873,32.29030816948218,498.6392247541926,59.140000000003646,21.505454545455873,476.21867082916935,402.57250542609734,426.95926154664005,57.70969183051782,254.40047232907338,295.08712526929304
32069.709048548673,24.8,-0.5655053138963295,32.4010677784805,498.6499615613245,59.34000000000368,21.578181818183154,476.23282146631556,402.0919145680449,426.56339250182646,57.5989322215195,255.18579991992434,295.8179153295785
32153.122658930974,24.900000000000002,-0.5677684221143855,32.53073432795648,498.6684504613951,59.56000000000371,21.658181818183166,476.25718929060315,401.5339168801391,426.1048714705909,57.46926567204352,256.1082270171713,296.67696263384795
32236.32898859224,25.0,-0.5700291385593642,32.66026383892958,498.69124586247517,59.780000000003746,21.73818181818318,476.2872334286307,400.9791969223553,425.649702774912,57.33973616107042,257.031539626175,297.53723321504066
